{"mean_x": [2.7106571197509766, 41.00624465942383, -0.008050617761909962, 0.003116380423307419, 82.96977996826172], "std_x": [1.7452239990234375, 32.24821472167969, 4.101903915405273, 1.679391860961914, 6.856751441955566], "mean_y": 501.23681640625, "std_y": 914.1605224609375}