{"mean_x": [2.7106568813323975, 41.00624084472656, -0.008050616830587387, 0.003116380190476775], "std_x": [1.7452239990234375, 32.24821472167969, 4.101903915405273, 1.679391860961914], "mean_y": 501.23681640625, "std_y": 914.1605224609375}