{"mean_x": [2.71628475189209, 40.33521270751953, -0.03903121128678322, 0.011825467459857464], "std_x": [1.7171097993850708, 31.384056091308594, 3.327721118927002, 1.6730750799179077], "mean_y": 502.7413330078125, "std_y": 605.8155517578125}